query_id,intent,query_type,query_text
DISC-01,DISC,generic,¿Cuáles son las mejores tiendas departamentales para comprar en México?
DISC-02,DISC,generic,¿Dónde conviene comprar electrodomésticos en México?
DISC-03,DISC,generic,¿Qué tiendas en México venden muebles y electrónicos?
PROD-01,PROD,generic,¿Dónde comprar una lavadora para una familia de cuatro personas en México?
PROD-02,PROD,generic,¿Qué tiendas recomiendas para comprar un celular de gama media en México?
PROD-03,PROD,generic,¿Dónde puedo comprar una sala económica y resistente en México?
CRED-01,CRED,generic,¿Qué tiendas ofrecen electrodomésticos a crédito en México?
CRED-02,CRED,generic,¿Dónde puedo comprar un refrigerador a pagos en México?
CRED-03,CRED,generic,¿Qué debo comparar antes de comprar muebles a crédito en una tienda departamental?
GEN-01,GEN,generic,¿Qué tiendas en México ofrecen opciones de compra en línea y en sucursal?
GEN-02,GEN,generic,¿Dónde puedo comparar opciones para comprar una motocicleta en México?
GEN-03,GEN,generic,¿Qué tiendas ofrecen muebles y electrodomésticos con opciones de financiamiento en México?
BRAND-01,BRAND,brand,¿Qué tipos de productos puedo comprar en Coppel?
BRAND-02,BRAND,brand,¿Cómo funciona el Crédito Coppel para comprar en línea?
BRAND-03,BRAND,brand,¿Qué debo revisar antes de comprar un electrodoméstico en Coppel?
